country,country_code,year,gdp_per_capita_usd,household_consumption_usd,inflation_pct,internet_users_pct,population,urban_population_pct,population_score,gdp_per_capita_usd_score,urban_population_pct_score,internet_users_pct_score,household_consumption_usd_score,inflation_risk_score,macro_potential_score,macro_score_year
Australia,AUS,2014,62817.20617517368,811077541135.4608,2.48792932080492,84.0,23475686.0,86.7221289343356,0.06333909221488712,0.6992696847128214,0.7984414375029606,0.9385776185720434,0.04217696640338704,0.25435253691946436,0.4660262227209273,2024
Australia,AUS,2015,56970.36130280944,763170265181.6118,1.50836803138463,84.5605149091408,23815995.0,86.8778642539361,0.06333909221488712,0.6992696847128214,0.7984414375029606,0.9385776185720434,0.04217696640338704,0.25435253691946436,0.4660262227209273,2024
Australia,AUS,2016,50084.44406063846,692585647649.3848,1.27699365720306,86.54000092,24190907.0,87.0166295249235,0.06333909221488712,0.6992696847128214,0.7984414375029606,0.9385776185720434,0.04217696640338704,0.25435253691946436,0.4660262227209273,2024
Australia,AUS,2017,54117.54771860902,741878458372.0791,1.94864309065653,86.5450488476768,24592588.0,87.12809266445,0.06333909221488712,0.6992696847128214,0.7984414375029606,0.9385776185720434,0.04217696640338704,0.25435253691946436,0.4660262227209273,2024
Australia,AUS,2018,57410.173734600896,794697392490.6211,1.91140002818579,90.0082016,24963258.0,87.2267680845925,0.06333909221488712,0.6992696847128214,0.7984414375029606,0.9385776185720434,0.04217696640338704,0.25435253691946436,0.4660262227209273,2024
Australia,AUS,2019,55194.75850974282,759166905662.8873,1.610770929127,93.60990143,25334826.0,87.3019647888406,0.06333909221488712,0.6992696847128214,0.7984414375029606,0.9385776185720434,0.04217696640338704,0.25435253691946436,0.4660262227209273,2024
Australia,AUS,2020,51983.4523666382,699531624245.6013,0.846900734607273,94.6934967,25649248.0,87.2713470458985,0.06333909221488712,0.6992696847128214,0.7984414375029606,0.9385776185720434,0.04217696640338704,0.25435253691946436,0.4660262227209273,2024
Australia,AUS,2021,60758.9044397144,795156839959.7274,2.86391284709318,96.97219849,25685412.0,87.2353407632761,0.06333909221488712,0.6992696847128214,0.7984414375029606,0.9385776185720434,0.04217696640338704,0.25435253691946436,0.4660262227209273,2024
Australia,AUS,2022,65169.519111865666,831768845147.2327,6.59409658717841,96.11940002,26018721.0,87.3343268253813,0.06333909221488712,0.6992696847128214,0.7984414375029606,0.9385776185720434,0.04217696640338704,0.25435253691946436,0.4660262227209273,2024
Australia,AUS,2023,65058.37731466737,876316816756.1819,5.59701792296707,96.1160965,26659922.0,87.4866955653765,0.06333909221488712,0.6992696847128214,0.7984414375029606,0.9385776185720434,0.04217696640338704,0.25435253691946436,0.4660262227209273,2024
Australia,AUS,2024,64603.985630846415,903687877051.534,3.16656665428797,96.13140106,27196812.0,87.6021469990446,0.06333909221488712,0.6992696847128214,0.7984414375029606,0.9385776185720434,0.04217696640338704,0.25435253691946436,0.4660262227209273,2024
Indonesia,IDN,2014,3441.068084640084,509003681729.74005,6.394928823965593,17.1431598350566,258877399.0,52.5002136230469,0.8305075064058837,0.010850239337497708,0.3293922348597932,0.17939458479330161,0.034671793644819315,0.8055881460201961,0.36506741751024857,2024
Indonesia,IDN,2015,3288.222697255384,494560910751.04175,6.363120611966463,22.062742603379,261799249.0,53.1720771789551,0.8305075064058837,0.010850239337497708,0.3293922348597932,0.17939458479330161,0.034671793644819315,0.8055881460201961,0.36506741751024857,2024
Indonesia,IDN,2016,3521.469434575738,538874867132.174,3.525804528154512,25.447353701827,264627418.0,53.812557220459,0.8305075064058837,0.010850239337497708,0.3293922348597932,0.17939458479330161,0.034671793644819315,0.8055881460201961,0.36506741751024857,2024
Indonesia,IDN,2017,3798.8832617452576,581701454950.3324,3.808798576919489,32.335806250688,267346658.0,54.4541015625,0.8305075064058837,0.010850239337497708,0.3293922348597932,0.17939458479330161,0.034671793644819315,0.8055881460201961,0.36506741751024857,2024
Indonesia,IDN,2018,3860.9535309072558,593885231701.2631,3.198347559249961,39.9046386385762,269951846.0,55.0956840515137,0.8305075064058837,0.010850239337497708,0.3293922348597932,0.17939458479330161,0.034671793644819315,0.8055881460201961,0.36506741751024857,2024
Indonesia,IDN,2019,4106.948561603577,648299754543.7823,3.030584609416606,47.6906489788375,272489381.0,55.7382049560547,0.8305075064058837,0.010850239337497708,0.3293922348597932,0.17939458479330161,0.034671793644819315,0.8055881460201961,0.36506741751024857,2024
Indonesia,IDN,2020,3853.7028877414587,624142240218.4177,1.919835272707928,53.72649449,274814866.0,56.2785287648768,0.8305075064058837,0.010850239337497708,0.3293922348597932,0.17939458479330161,0.034671793644819315,0.8055881460201961,0.36506741751024857,2024
Indonesia,IDN,2021,4287.173139950984,660041259479.6351,1.560078829833344,62.10447842,276758053.0,56.8761702464027,0.8305075064058837,0.010850239337497708,0.3293922348597932,0.17939458479330161,0.034671793644819315,0.8055881460201961,0.36506741751024857,2024
Indonesia,IDN,2022,4730.834848361069,699718159840.6262,4.209464637147842,66.48461277,278830529.0,57.4934704226599,0.8305075064058837,0.010850239337497708,0.3293922348597932,0.17939458479330161,0.034671793644819315,0.8055881460201961,0.36506741751024857,2024
Indonesia,IDN,2023,4876.3077451225245,746266471935.574,3.669386548597611,69.20836554,281190067.0,58.1179353397878,0.8305075064058837,0.010850239337497708,0.3293922348597932,0.17939458479330161,0.034671793644819315,0.8055881460201961,0.36506741751024857,2024
Indonesia,IDN,2024,4925.430487518614,773552837989.2095,2.181512736151888,72.78075544,283487931.0,58.7509635387997,0.8305075064058837,0.010850239337497708,0.3293922348597932,0.17939458479330161,0.034671793644819315,0.8055881460201961,0.36506741751024857,2024
Malaysia,MYS,2014,11013.310733440316,177210452020.55695,3.142990508790954,63.6654258813225,30696137.0,72.9802206910773,0.08836605569168769,0.09101009855625614,0.6247277396702323,1.0,0.0048552246210067755,1.0,0.4681598530898638,2024
Malaysia,MYS,2015,9648.679793752302,162616927333.64844,2.104389802383585,71.0640678111957,31232798.0,73.4387869957006,0.08836605569168769,0.09101009855625614,0.6247277396702323,1.0,0.0048552246210067755,1.0,0.4681598530898638,2024
Malaysia,MYS,2016,9476.534098099228,165051280153.68256,2.090566595257424,78.7883099275229,31789685.0,73.8588978909614,0.08836605569168769,0.09101009855625614,0.6247277396702323,1.0,0.0048552246210067755,1.0,0.4681598530898638,2024
Malaysia,MYS,2017,9862.548066122346,176760121345.69455,3.871201157742374,80.1404790103961,32355644.0,74.2354806421432,0.08836605569168769,0.09101009855625614,0.6247277396702323,1.0,0.0048552246210067755,1.0,0.4681598530898638,2024
Malaysia,MYS,2018,10901.80199544212,206037423825.25473,0.884709160571235,81.2010486181174,32910967.0,74.5634625145296,0.08836605569168769,0.09101009855625614,0.6247277396702323,1.0,0.0048552246210067755,1.0,0.4681598530898638,2024
Malaysia,MYS,2019,10920.191763972032,218272887190.4926,0.6628918657643263,84.1871450078281,33440596.0,74.8377707734042,0.08836605569168769,0.09101009855625614,0.6247277396702323,1.0,0.0048552246210067755,1.0,0.4681598530898638,2024
Malaysia,MYS,2020,9957.526266976134,205888852146.863,-1.138702153930499,89.55501192,33889558.0,75.0511895575672,0.08836605569168769,0.09101009855625614,0.6247277396702323,1.0,0.0048552246210067755,1.0,0.4681598530898638,2024
Malaysia,MYS,2021,10903.103748077187,216822304116.18958,2.477102414654468,96.7514278,34282399.0,75.5088628191907,0.08836605569168769,0.09101009855625614,0.6247277396702323,1.0,0.0048552246210067755,1.0,0.4681598530898638,2024
Malaysia,MYS,2022,11754.567833624773,234948922036.3384,3.378698625499285,97.3986404,34695493.0,75.9741357073003,0.08836605569168769,0.09101009855625614,0.6247277396702323,1.0,0.0048552246210067755,1.0,0.4681598530898638,2024
Malaysia,MYS,2023,11386.039563652774,241825507173.03317,2.488865601257539,97.69272633,35126298.0,76.4434752105739,0.08836605569168769,0.09101009855625614,0.6247277396702323,1.0,0.0048552246210067755,1.0,0.4681598530898638,2024
Malaysia,MYS,2024,11874.427368424476,256552030754.11655,1.834100204499002,98.0206059,35557673.0,76.9170296648992,0.08836605569168769,0.09101009855625614,0.6247277396702323,1.0,0.0048552246210067755,1.0,0.4681598530898638,2024
Philippines,PHL,2014,2866.838037614072,212028490469.9283,3.597823438642111,34.70000076,103767130.0,50.2392400212368,0.3286899547037057,0.0,0.27576080924040913,0.0,0.010331109031236307,0.22858957770710098,0.14056190844707536,2024
Philippines,PHL,2015,2909.8581801030064,222090173334.23584,0.6741925368454084,36.90000153,105312992.0,51.1549047745227,0.3286899547037057,0.0,0.27576080924040913,0.0,0.010331109031236307,0.22858957770710098,0.14056190844707536,2024
Philippines,PHL,2016,2985.195640240464,231175324213.5426,1.253698800809817,39.20000076,106735719.0,51.9114748151175,0.3286899547037057,0.0,0.27576080924040913,0.0,0.010331109031236307,0.22858957770710098,0.14056190844707536,2024
Philippines,PHL,2017,3038.1212495928917,237102808739.11688,2.853187725909474,41.59999847,108119693.0,52.6010482354344,0.3286899547037057,0.0,0.27576080924040913,0.0,0.010331109031236307,0.22858957770710098,0.14056190844707536,2024
Philippines,PHL,2018,3168.5103660972686,251608899173.45578,5.309346616277067,44.09999847,109465287.0,53.2088897464754,0.3286899547037057,0.0,0.27576080924040913,0.0,0.010331109031236307,0.22858957770710098,0.14056190844707536,2024
Philippines,PHL,2019,3400.789497670743,275858995374.1987,2.392065344224044,43.0266118680279,110804683.0,53.7157859948017,0.3286899547037057,0.0,0.27576080924040913,0.0,0.010331109031236307,0.22858957770710098,0.14056190844707536,2024
Philippines,PHL,2020,3227.579102351993,271563141259.03674,2.393162393162403,53.76490021,112081264.0,54.1077719895977,0.3286899547037057,0.0,0.27576080924040913,0.0,0.010331109031236307,0.22858957770710098,0.14056190844707536,2024
Philippines,PHL,2021,3484.3859388281885,296592543563.14105,3.927180221003324,66.90779877,113100950.0,54.4504102510776,0.3286899547037057,0.0,0.27576080924040913,0.0,0.010331109031236307,0.22858957770710098,0.14056190844707536,2024
Philippines,PHL,2022,3548.0693057211556,307006689363.25714,5.821158112139547,75.21114422,113964338.0,54.7902343568327,0.3286899547037057,0.0,0.27576080924040913,0.0,0.010331109031236307,0.22858957770710098,0.14056190844707536,2024
Philippines,PHL,2023,3804.0827413109687,334429914559.4286,5.978025155414093,77.86699677,114891199.0,55.1242716168851,0.3286899547037057,0.0,0.27576080924040913,0.0,0.010331109031236307,0.22858957770710098,0.14056190844707536,2024
Philippines,PHL,2024,3984.8315387656016,351500468924.644,3.21260487006347,67.26300914,115843670.0,55.4520983215477,0.3286899547037057,0.0,0.27576080924040913,0.0,0.010331109031236307,0.22858957770710098,0.14056190844707536,2024
Singapore,SGP,2014,57564.80231149774,118339528826.80241,1.033169558576293,79.0292358633435,5469724.0,100.0,0.0,1.0,1.0,0.8815566070253662,0.0,0.6891923045161108,0.5951248185902461,2024
Singapore,SGP,2015,55645.60686146057,114446347716.98216,-0.5219756118957629,79.0129570025584,5535002.0,100.0,0.0,1.0,1.0,0.8815566070253662,0.0,0.6891923045161108,0.5951248185902461,2024
Singapore,SGP,2016,57005.58871765469,116554497642.49617,-0.5298097603754645,84.4522678893074,5607283.0,100.0,0.0,1.0,1.0,0.8815566070253662,0.0,0.6891923045161108,0.5951248185902461,2024
Singapore,SGP,2017,61236.251270626955,121000706048.482,0.5767631911799955,84.4522678893074,5612253.0,100.0,0.0,1.0,1.0,0.8815566070253662,0.0,0.6891923045161108,0.5951248185902461,2024
Singapore,SGP,2018,66881.60670352653,130381764506.14674,0.4387842151296228,88.1656360313447,5638676.0,100.0,0.0,1.0,1.0,0.8815566070253662,0.0,0.6891923045161108,0.5951248185902461,2024
Singapore,SGP,2019,65952.03789592929,134113863643.36096,0.5678299884054472,88.9492526850762,5703569.0,100.0,0.0,1.0,1.0,0.8815566070253662,0.0,0.6891923045161108,0.5951248185902461,2024
Singapore,SGP,2020,61410.079263078835,112039279807.38428,-0.1721118659253825,92.00434653,5685807.0,100.0,0.0,1.0,1.0,0.8815566070253662,0.0,0.6891923045161108,0.5951248185902461,2024
Singapore,SGP,2021,80056.12882478436,125380670987.2771,2.316103157651459,96.92468156,5453566.0,100.0,0.0,1.0,1.0,0.8815566070253662,0.0,0.6891923045161108,0.5951248185902461,2024
Singapore,SGP,2022,90299.0694637269,142475739246.67813,6.130954189197321,95.95386476,5637022.0,100.0,0.0,1.0,1.0,0.8815566070253662,0.0,0.6891923045161108,0.5951248185902461,2024
Singapore,SGP,2023,85412.23034523505,159663590183.5538,4.833723628257976,94.28518987,5917648.0,100.0,0.0,1.0,1.0,0.8815566070253662,0.0,0.6891923045161108,0.5951248185902461,2024
Singapore,SGP,2024,90674.066632628,172365448241.43692,2.389511235950172,94.37757178,6036860.0,100.0,0.0,1.0,1.0,0.8815566070253662,0.0,0.6891923045161108,0.5951248185902461,2024
United States,USA,2014,54973.42075157123,11874450000000.0,1.622222977408174,73.0,319257560.0,80.6242231779766,1.0,0.9291719918646753,0.6768778584836924,0.891837972714224,1.0,0.3758088078678474,0.8122827718217399,2024
United States,USA,2015,56572.91889960634,12297438000000.0,0.1186271355524506,74.5542024462761,321815121.0,80.5707989535091,1.0,0.9291719918646753,0.6768778584836924,0.891837972714224,1.0,0.3758088078678474,0.8122827718217399,2024
United States,USA,2016,57638.10183671918,12726849000000.0,1.261583205705358,85.5444212887222,324353340.0,80.4976645324131,1.0,0.9291719918646753,0.6768778584836924,0.891837972714224,1.0,0.3758088078678474,0.8122827718217399,2024
United States,USA,2017,59635.098439796486,13290626000000.0,2.130110003659612,87.2748891687657,326608609.0,80.4018678392891,1.0,0.9291719918646753,0.6768778584836924,0.891837972714224,1.0,0.3758088078678474,0.8122827718217399,2024
United States,USA,2018,62499.87443900675,13934442000000.0,2.442583296928166,88.498903165152,328529577.0,80.2804567987377,1.0,0.9291719918646753,0.6768778584836924,0.891837972714224,1.0,0.3758088078678474,0.8122827718217399,2024
United States,USA,2019,64746.45067788634,14417614000000.0,1.812210075260205,89.4302848575712,330226227.0,80.1304793353594,1.0,0.9291719918646753,0.6768778584836924,0.891837972714224,1.0,0.3758088078678474,0.8122827718217399,2024
United States,USA,2020,63515.94918078332,14206231000000.0,1.233584396306293,90.34470367,331577720.0,79.997451762548,1.0,0.9291719918646753,0.6768778584836924,0.891837972714224,1.0,0.3758088078678474,0.8122827718217399,2024
United States,USA,2021,70205.05091602595,16042964000000.0,4.697858863637421,91.2684021,332099760.0,80.0074765140272,1.0,0.9291719918646753,0.6768778584836924,0.891837972714224,1.0,0.3758088078678474,0.8122827718217399,2024
United States,USA,2022,76657.24888444034,17511745000000.0,8.00279982052121,92.72850037,334017321.0,80.0324978239707,1.0,0.9291719918646753,0.6768778584836924,0.891837972714224,1.0,0.3758088078678474,0.8122827718217399,2024
United States,USA,2023,81032.26211754496,17511745000000.0,4.116338383744878,93.52559662,336806231.0,80.071561119178,1.0,0.9291719918646753,0.6768778584836924,0.891837972714224,1.0,0.3758088078678474,0.8122827718217399,2024
United States,USA,2024,84534.04078415484,17511745000000.0,2.949525204852073,94.69380188,340110988.0,80.1247798047184,1.0,0.9291719918646753,0.6768778584836924,0.891837972714224,1.0,0.3758088078678474,0.8122827718217399,2024
Viet Nam,VNM,2014,2546.3846445990334,133107276297.37091,4.084554466376173,41.0,91679578.0,31.9480269945454,0.28422083017455335,0.00844924687322273,0.0,0.5490347959162207,0.004860669595062907,0.0,0.14109425709317663,2024
Viet Nam,VNM,2015,2577.568853401125,141958257041.7997,0.6312009051757544,45.0,92823254.0,32.3810945365679,0.28422083017455335,0.00844924687322273,0.0,0.5490347959162207,0.004860669595062907,0.0,0.14109425709317663,2024
Viet Nam,VNM,2016,2735.060438041602,151010489245.5055,2.668248169690822,53.0,94000117.0,32.8476189285136,0.28422083017455335,0.00844924687322273,0.0,0.5490347959162207,0.004860669595062907,0.0,0.14109425709317663,2024
Viet Nam,VNM,2017,2956.1099212775316,163179276483.27426,3.520256888116174,58.1400000036297,95176977.0,33.3625963003742,0.28422083017455335,0.00844924687322273,0.0,0.5490347959162207,0.004860669595062907,0.0,0.14109425709317663,2024
Viet Nam,VNM,2018,3222.3100312536644,176999133892.9168,3.539628059426409,69.8479286837965,96237319.0,33.9410227821412,0.28422083017455335,0.00844924687322273,0.0,0.5490347959162207,0.004860669595062907,0.0,0.14109425709317663,2024
Viet Nam,VNM,2019,3440.9002537543365,190013330350.5117,2.795823674522497,68.6615802057338,97173776.0,34.6239134999511,0.28422083017455335,0.00844924687322273,0.0,0.5490347959162207,0.004860669595062907,0.0,0.14109425709317663,2024
Viet Nam,VNM,2020,3534.0395348264683,193990716426.1223,3.220934366525141,70.30000012,98079191.0,35.5706676299742,0.28422083017455335,0.00844924687322273,0.0,0.5490347959162207,0.004860669595062907,0.0,0.14109425709317663,2024
Viet Nam,VNM,2021,3704.193559003796,203463215115.64804,1.834715548104437,74.20999985,98935098.0,36.6540656426603,0.28422083017455335,0.00844924687322273,0.0,0.5490347959162207,0.004860669595062907,0.0,0.14109425709317663,2024
Viet Nam,VNM,2022,4147.69777213621,226068833757.58783,3.156507499631293,78.58999918,99680655.0,37.5478515625,0.28422083017455335,0.00844924687322273,0.0,0.5490347959162207,0.004860669595062907,0.0,0.14109425709317663,2024
Viet Nam,VNM,2023,4323.3503198245135,235637302406.73907,3.252892826676616,78.08,100352192.0,38.1298904418945,0.28422083017455335,0.00844924687322273,0.0,0.5490347959162207,0.004860669595062907,0.0,0.14109425709317663,2024
Viet Nam,VNM,2024,4717.290287324488,256646443225.92526,3.621092738858435,84.15,100987686.0,38.4900703430176,0.28422083017455335,0.00844924687322273,0.0,0.5490347959162207,0.004860669595062907,0.0,0.14109425709317663,2024
