rank,country,category,product_idea,target_segment,channel_strategy,priority_level,recommended_action,scenario,product_opportunity_score,estimated_units,estimated_price_usd,gross_revenue_usd,net_revenue_usd,cogs_pct,logistics_pct,marketing_pct,trade_promo_pct,distributor_margin_pct,contribution_profit_usd,contribution_margin_pct,contribution_per_unit_usd,break_even_units,scenario_profitability_score,scenario_revenue_score,scenario_business_score,profitability_label,scenario_recommendation,idea_rationale,business_rationale
1,Malaysia,Korean ramen,Halal-certified Korean ramen multi-pack,Muslim Gen Z and young family consumers seeking trusted halal K-Food options,"E-commerce, convenience stores, and modern retail",Medium-High,Pilot / Test,Aggressive,70.95,143177,2.34,335034.18,299855.59,0.507,0.118,0.191,0.105,0.133,15292.64,0.051,0.11,224592.0,0.0,0.2201255503715323,8.81,Low profitability,Monitor and refine assumptions,High halal-related concern in review signals and strong relevance for Muslim-majority markets.,"Opportunity supported by strong consumer search interest, meaningful review-based opportunity signals, favorable price feasibility."
1,Malaysia,Korean ramen,Halal-certified Korean ramen multi-pack,Muslim Gen Z and young family consumers seeking trusted halal K-Food options,"E-commerce, convenience stores, and modern retail",Medium-High,Pilot / Test,Base,70.95,101430,2.47,250532.1,228234.74,0.52,0.113,0.084,0.089,0.132,34463.45,0.151,0.34,53738.0,0.33444816053511706,0.1032282054244229,24.2,Moderate profitability,Pilot launch,High halal-related concern in review signals and strong relevance for Muslim-majority markets.,"Opportunity supported by strong consumer search interest, meaningful review-based opportunity signals, favorable price feasibility."
1,Malaysia,Korean ramen,Halal-certified Korean ramen multi-pack,Muslim Gen Z and young family consumers seeking trusted halal K-Food options,"E-commerce, convenience stores, and modern retail",Medium-High,Pilot / Test,Conservative,70.95,75421,2.31,174222.51,164988.72,0.482,0.079,0.134,0.053,0.116,31182.87,0.189,0.41,31925.0,0.46153846153846156,0.0,27.69,Moderate profitability,Pilot launch,High halal-related concern in review signals and strong relevance for Muslim-majority markets.,"Opportunity supported by strong consumer search interest, meaningful review-based opportunity signals, favorable price feasibility."
2,United States,Kimchi,Mild kimchi for mainstream consumers,Home cooks and K-Food enthusiasts seeking authentic Korean flavors,"Modern grocery, specialty Asian stores, and e-commerce",Medium-High,Pilot / Test,Aggressive,70.64,64527,6.32,407810.64,376001.41,0.51,0.064,0.131,0.078,0.08,80840.3,0.215,1.25,24011.0,0.5484949832775919,0.34440841195193095,46.69,Moderate profitability,Pilot launch,Review signals indicate spiciness localization as an important product adaptation need.,"Opportunity supported by strong consumer search interest, attractive macro-market readiness, favorable price feasibility."
2,United States,Kimchi,Mild kimchi for mainstream consumers,Home cooks and K-Food enthusiasts seeking authentic Korean flavors,"Modern grocery, specialty Asian stores, and e-commerce",Medium-High,Pilot / Test,Base,70.64,49967,7.7,384745.9,345501.82,0.455,0.079,0.092,0.102,0.128,84993.45,0.246,1.7,16250.0,0.6521739130434783,0.2946279207545296,50.92,Moderate profitability,Pilot launch,Review signals indicate spiciness localization as an important product adaptation need.,"Opportunity supported by strong consumer search interest, attractive macro-market readiness, favorable price feasibility."
2,United States,Kimchi,Mild kimchi for mainstream consumers,Home cooks and K-Food enthusiasts seeking authentic Korean flavors,"Modern grocery, specialty Asian stores, and e-commerce",Medium-High,Pilot / Test,Conservative,70.64,29913,6.58,196827.54,175963.82,0.424,0.066,0.069,0.106,0.091,61587.34,0.35,2.06,6838.0,0.9999999999999999,0.017913220110191697,60.72,High profitability,Pilot launch,Review signals indicate spiciness localization as an important product adaptation need.,"Opportunity supported by strong consumer search interest, attractive macro-market readiness, favorable price feasibility."
3,United States,Korean ramen,Affordable Korean ramen value bundle,Urban young professionals and students seeking convenient K-Food meals,"E-commerce, convenience stores, and modern retail",Medium-High,Pilot / Test,Aggressive,68.72,142472,2.43,346206.96,312971.09,0.52,0.076,0.128,0.096,0.104,53831.03,0.172,0.38,66267.0,0.4046822742474916,0.24153226542244022,33.94,Moderate profitability,Pilot launch,Review signals indicate price sensitivity and value-for-money concerns.,"Opportunity supported by strong consumer search interest, attractive macro-market readiness, favorable price feasibility."
3,United States,Korean ramen,Affordable Korean ramen value bundle,Urban young professionals and students seeking convenient K-Food meals,"E-commerce, convenience stores, and modern retail",Medium-High,Pilot / Test,Base,68.72,99800,2.55,254490.0,233876.31,0.424,0.072,0.156,0.081,0.094,59404.58,0.254,0.6,31434.0,0.6789297658862876,0.11243620217862593,45.23,High profitability,Pilot launch,Review signals indicate price sensitivity and value-for-money concerns.,"Opportunity supported by strong consumer search interest, attractive macro-market readiness, favorable price feasibility."
3,United States,Korean ramen,Affordable Korean ramen value bundle,Urban young professionals and students seeking convenient K-Food meals,"E-commerce, convenience stores, and modern retail",Medium-High,Pilot / Test,Conservative,68.72,81251,2.67,216940.17,194161.45,0.439,0.118,0.115,0.105,0.103,43686.33,0.225,0.54,28890.0,0.5819397993311037,0.04761483118196569,36.82,Moderate profitability,Pilot launch,Review signals indicate price sensitivity and value-for-money concerns.,"Opportunity supported by strong consumer search interest, attractive macro-market readiness, favorable price feasibility."
4,United States,Ready meal,Affordable Korean ready meal lunch pack,Urban young professionals and students seeking convenient K-Food meals,"Modern grocery, frozen section, e-commerce grocery, and food delivery partnerships",Medium-High,Pilot / Test,Aggressive,67.35,109506,6.49,710693.94,674448.55,0.513,0.089,0.189,0.051,0.152,38443.57,0.057,0.35,153693.0,0.020066889632107038,0.8315246396015366,34.46,Low profitability,Monitor and refine assumptions,Review signals indicate price sensitivity and value-for-money concerns.,"Opportunity supported by strong consumer search interest, attractive macro-market readiness, favorable price feasibility."
4,United States,Ready meal,Affordable Korean ready meal lunch pack,Urban young professionals and students seeking convenient K-Food meals,"Modern grocery, frozen section, e-commerce grocery, and food delivery partnerships",Medium-High,Pilot / Test,Base,67.35,74232,7.1,527047.2,484356.38,0.515,0.09,0.089,0.081,0.118,91059.0,0.188,1.23,31589.0,0.4581939799331104,0.5212620558953314,48.34,Moderate profitability,Pilot launch,Review signals indicate price sensitivity and value-for-money concerns.,"Opportunity supported by strong consumer search interest, attractive macro-market readiness, favorable price feasibility."
4,United States,Ready meal,Affordable Korean ready meal lunch pack,Urban young professionals and students seeking convenient K-Food meals,"Modern grocery, frozen section, e-commerce grocery, and food delivery partnerships",Medium-High,Pilot / Test,Conservative,67.35,53479,6.75,360983.25,328133.77,0.449,0.078,0.131,0.091,0.113,75142.63,0.229,1.41,18683.0,0.5953177257525084,0.2662803246018919,46.37,Moderate profitability,Pilot launch,Review signals indicate price sensitivity and value-for-money concerns.,"Opportunity supported by strong consumer search interest, attractive macro-market readiness, favorable price feasibility."
5,Australia,Gochujang sauce,Mild-spicy gochujang sauce for localized taste preference,Home cooks and K-Food enthusiasts seeking authentic Korean flavors,"Modern grocery, specialty Asian stores, and e-commerce",Medium-High,Pilot / Test,Aggressive,64.98,69994,5.34,373767.96,339007.54,0.413,0.104,0.099,0.093,0.141,82378.83,0.243,1.18,23044.0,0.6421404682274248,0.28402815700775585,49.89,Moderate profitability,Pilot launch,Review signals indicate spiciness localization as an important product adaptation need.,"Opportunity supported by strong consumer search interest, positive recent trend momentum, favorable price feasibility."
5,Australia,Gochujang sauce,Mild-spicy gochujang sauce for localized taste preference,Home cooks and K-Food enthusiasts seeking authentic Korean flavors,"Modern grocery, specialty Asian stores, and e-commerce",Medium-High,Pilot / Test,Base,64.98,71458,5.34,381585.72,351058.86,0.447,0.087,0.09,0.08,0.103,95839.07,0.273,1.34,20941.0,0.7424749163879599,0.30369795024684754,56.7,High profitability,Pilot launch,Review signals indicate spiciness localization as an important product adaptation need.,"Opportunity supported by strong consumer search interest, positive recent trend momentum, favorable price feasibility."
5,Australia,Gochujang sauce,Mild-spicy gochujang sauce for localized taste preference,Home cooks and K-Food enthusiasts seeking authentic Korean flavors,"Modern grocery, specialty Asian stores, and e-commerce",Medium-High,Pilot / Test,Conservative,64.98,47982,5.24,251425.68,224774.56,0.472,0.085,0.078,0.106,0.121,54844.99,0.244,1.14,15732.0,0.6454849498327759,0.09758060622615744,42.63,Moderate profitability,Pilot launch,Review signals indicate spiciness localization as an important product adaptation need.,"Opportunity supported by strong consumer search interest, positive recent trend momentum, favorable price feasibility."
6,Australia,Korean ramen,Affordable Korean ramen value bundle,Urban young professionals and students seeking convenient K-Food meals,"E-commerce, convenience stores, and modern retail",Medium-High,Pilot / Test,Aggressive,64.48,156536,2.54,397601.44,359829.3,0.429,0.098,0.171,0.095,0.14,58292.35,0.162,0.37,77302.0,0.3712374581939799,0.31801279222398027,34.99,Moderate profitability,Pilot launch,Review signals indicate price sensitivity and value-for-money concerns.,"Opportunity supported by strong consumer search interest, favorable price feasibility."
6,Australia,Korean ramen,Affordable Korean ramen value bundle,Urban young professionals and students seeking convenient K-Food meals,"E-commerce, convenience stores, and modern retail",Medium-High,Pilot / Test,Base,64.48,133953,2.26,302733.78,286386.16,0.421,0.06,0.11,0.054,0.153,73314.86,0.256,0.55,41861.0,0.68561872909699,0.19814116167814277,49.06,High profitability,Pilot launch,Review signals indicate price sensitivity and value-for-money concerns.,"Opportunity supported by strong consumer search interest, favorable price feasibility."
6,Australia,Korean ramen,Affordable Korean ramen value bundle,Urban young professionals and students seeking convenient K-Food meals,"E-commerce, convenience stores, and modern retail",Medium-High,Pilot / Test,Conservative,64.48,96716,2.51,242757.16,221637.29,0.471,0.079,0.109,0.087,0.082,57404.06,0.259,0.59,29874.0,0.6956521739130435,0.09246005078200653,45.44,High profitability,Pilot launch,Review signals indicate price sensitivity and value-for-money concerns.,"Opportunity supported by strong consumer search interest, favorable price feasibility."
7,Malaysia,Gochujang sauce,Halal-certified gochujang sauce,Muslim Gen Z and young family consumers seeking trusted halal K-Food options,"Modern grocery, specialty Asian stores, and e-commerce",Medium-High,Pilot / Test,Aggressive,62.4,80443,5.39,433587.77,407572.5,0.497,0.078,0.159,0.06,0.135,53392.0,0.131,0.66,49126.0,0.2675585284280937,0.39593777243964146,31.89,Low profitability,Pilot launch,High halal-related concern in review signals and strong relevance for Muslim-majority markets.,"Opportunity supported by meaningful review-based opportunity signals, favorable price feasibility."
7,Malaysia,Gochujang sauce,Halal-certified gochujang sauce,Muslim Gen Z and young family consumers seeking trusted halal K-Food options,"Modern grocery, specialty Asian stores, and e-commerce",Medium-High,Pilot / Test,Base,62.4,48440,5.32,257700.8,236827.04,0.493,0.097,0.14,0.081,0.105,39076.46,0.165,0.81,23487.0,0.3812709030100335,0.11725229278151306,27.57,Moderate profitability,Pilot launch,High halal-related concern in review signals and strong relevance for Muslim-majority markets.,"Opportunity supported by meaningful review-based opportunity signals, favorable price feasibility."
7,Malaysia,Gochujang sauce,Halal-certified gochujang sauce,Muslim Gen Z and young family consumers seeking trusted halal K-Food options,"Modern grocery, specialty Asian stores, and e-commerce",Medium-High,Pilot / Test,Conservative,62.4,37518,5.31,199220.58,184279.04,0.383,0.062,0.13,0.075,0.113,57495.06,0.312,1.53,9621.0,0.8729096989966555,0.031485066027282904,53.63,High profitability,Pilot launch,High halal-related concern in review signals and strong relevance for Muslim-majority markets.,"Opportunity supported by meaningful review-based opportunity signals, favorable price feasibility."
8,Indonesia,Kimchi,Halal-certified kimchi with clear ingredient labeling,Muslim Gen Z and young family consumers seeking trusted halal K-Food options,"Modern grocery, specialty Asian stores, and e-commerce",Medium-High,Pilot / Test,Aggressive,60.96,68976,7.12,491109.12,462133.68,0.438,0.074,0.166,0.059,0.134,86881.13,0.188,1.26,29352.0,0.4581939799331104,0.48499084956985317,46.89,Moderate profitability,Pilot launch,High halal-related concern in review signals and strong relevance for Muslim-majority markets.,"Opportunity supported by strong consumer search interest, meaningful review-based opportunity signals, favorable price feasibility."
8,Indonesia,Kimchi,Halal-certified kimchi with clear ingredient labeling,Muslim Gen Z and young family consumers seeking trusted halal K-Food options,"Modern grocery, specialty Asian stores, and e-commerce",Medium-High,Pilot / Test,Base,60.96,38259,7.72,295359.48,276161.11,0.385,0.092,0.133,0.065,0.152,65726.35,0.238,1.72,12861.0,0.6254180602006688,0.18145215007116744,44.78,Moderate profitability,Pilot launch,High halal-related concern in review signals and strong relevance for Muslim-majority markets.,"Opportunity supported by strong consumer search interest, meaningful review-based opportunity signals, favorable price feasibility."
8,Indonesia,Kimchi,Halal-certified kimchi with clear ingredient labeling,Muslim Gen Z and young family consumers seeking trusted halal K-Food options,"Modern grocery, specialty Asian stores, and e-commerce",Medium-High,Pilot / Test,Conservative,60.96,34515,7.8,269217.0,248487.29,0.51,0.071,0.098,0.077,0.112,51933.84,0.209,1.5,13212.0,0.5284280936454849,0.1362837936142947,37.16,Moderate profitability,Pilot launch,High halal-related concern in review signals and strong relevance for Muslim-majority markets.,"Opportunity supported by strong consumer search interest, meaningful review-based opportunity signals, favorable price feasibility."
9,Singapore,Frozen mandu,Affordable frozen mandu value pack,Young families and convenience-focused consumers,"Modern grocery, frozen section, e-commerce grocery, and food delivery partnerships",Medium,Monitor,Aggressive,59.97,63261,8.35,528229.35,468539.43,0.409,0.09,0.142,0.113,0.083,129316.88,0.276,2.04,18337.0,0.7525083612040134,0.49544611737796973,64.97,High profitability,Monitor and refine assumptions,Review signals indicate price sensitivity and value-for-money concerns.,Opportunity supported by favorable price feasibility.
9,Singapore,Frozen mandu,Affordable frozen mandu value pack,Young families and convenience-focused consumers,"Modern grocery, frozen section, e-commerce grocery, and food delivery partnerships",Medium,Monitor,Base,59.97,61666,9.17,565477.22,533245.02,0.409,0.075,0.16,0.057,0.094,139710.19,0.262,2.27,18830.0,0.7056856187290971,0.6010565879914327,66.38,High profitability,Monitor and refine assumptions,Review signals indicate price sensitivity and value-for-money concerns.,Opportunity supported by favorable price feasibility.
9,Singapore,Frozen mandu,Affordable frozen mandu value pack,Young families and convenience-focused consumers,"Modern grocery, frozen section, e-commerce grocery, and food delivery partnerships",Medium,Monitor,Conservative,59.97,40478,9.1,368349.8,339986.87,0.43,0.1,0.071,0.077,0.143,87036.64,0.256,2.15,12650.0,0.68561872909699,0.28562658926354534,52.56,High profitability,Monitor and refine assumptions,Review signals indicate price sensitivity and value-for-money concerns.,Opportunity supported by favorable price feasibility.
10,United States,Gochujang sauce,Korean sauce starter kit,Home cooks and K-Food enthusiasts seeking authentic Korean flavors,"Modern grocery, specialty Asian stores, and e-commerce",Medium,Monitor,Aggressive,59.64,77581,6.3,488760.3,460900.96,0.486,0.091,0.158,0.057,0.148,53925.41,0.117,0.7,53047.0,0.22073578595317728,0.4829788419622473,32.56,Low profitability,Monitor and refine assumptions,Product idea is based on category-level opportunity signals and overall market attractiveness.,"Opportunity supported by strong consumer search interest, attractive macro-market readiness, favorable price feasibility."
10,United States,Gochujang sauce,Korean sauce starter kit,Home cooks and K-Food enthusiasts seeking authentic Korean flavors,"Modern grocery, specialty Asian stores, and e-commerce",Medium,Monitor,Base,59.64,59712,5.16,308113.92,280383.67,0.432,0.08,0.114,0.09,0.152,62245.17,0.222,1.04,21518.0,0.5719063545150502,0.18834408241879896,41.85,Moderate profitability,Monitor and refine assumptions,Product idea is based on category-level opportunity signals and overall market attractiveness.,"Opportunity supported by strong consumer search interest, attractive macro-market readiness, favorable price feasibility."
10,United States,Gochujang sauce,Korean sauce starter kit,Home cooks and K-Food enthusiasts seeking authentic Korean flavors,"Modern grocery, specialty Asian stores, and e-commerce",Medium,Monitor,Conservative,59.64,44947,5.99,269232.53,243924.67,0.495,0.113,0.101,0.094,0.086,50004.56,0.205,1.11,17541.0,0.5150501672240803,0.12883682581088862,36.06,Moderate profitability,Monitor and refine assumptions,Product idea is based on category-level opportunity signals and overall market attractiveness.,"Opportunity supported by strong consumer search interest, attractive macro-market readiness, favorable price feasibility."
11,Thailand,Ready meal,Microwaveable Korean ready meal,Urban young professionals and students seeking convenient K-Food meals,"Modern grocery, frozen section, e-commerce grocery, and food delivery partnerships",Medium,Monitor,Aggressive,59.37,107068,7.23,774101.64,706754.8,0.439,0.064,0.096,0.087,0.108,207079.16,0.293,1.93,29234.0,0.8093645484949832,0.8842539055931793,83.93,High profitability,Monitor and refine assumptions,Product idea is based on category-level opportunity signals and overall market attractiveness.,"Opportunity supported by strong consumer search interest, favorable price feasibility."
11,Thailand,Ready meal,Microwaveable Korean ready meal,Urban young professionals and students seeking convenient K-Food meals,"Modern grocery, frozen section, e-commerce grocery, and food delivery partnerships",Medium,Monitor,Base,59.37,63712,7.16,456177.92,406454.53,0.431,0.079,0.148,0.109,0.109,94703.9,0.233,1.49,21876.0,0.6086956521739131,0.3941130562469334,52.29,Moderate profitability,Monitor and refine assumptions,Product idea is based on category-level opportunity signals and overall market attractiveness.,"Opportunity supported by strong consumer search interest, favorable price feasibility."
11,Thailand,Ready meal,Microwaveable Korean ready meal,Urban young professionals and students seeking convenient K-Food meals,"Modern grocery, frozen section, e-commerce grocery, and food delivery partnerships",Medium,Monitor,Conservative,59.37,58100,7.43,431683.0,392831.53,0.484,0.071,0.072,0.09,0.109,103707.52,0.264,1.78,17607.0,0.7123745819397994,0.3718780153305735,57.62,High profitability,Monitor and refine assumptions,Product idea is based on category-level opportunity signals and overall market attractiveness.,"Opportunity supported by strong consumer search interest, favorable price feasibility."
12,Singapore,Korean ramen,Mild-spicy Korean ramen for beginner K-Food consumers,Urban young professionals and students seeking convenient K-Food meals,"E-commerce, convenience stores, and modern retail",Medium,Monitor,Aggressive,59.31,152327,2.72,414329.44,373725.15,0.462,0.101,0.15,0.098,0.08,77361.11,0.207,0.51,58871.0,0.5217391304347826,0.34069317050465264,44.93,Moderate profitability,Monitor and refine assumptions,Review signals indicate spiciness localization as an important product adaptation need.,"Opportunity supported by strong consumer search interest, favorable price feasibility."
12,Singapore,Korean ramen,Mild-spicy Korean ramen for beginner K-Food consumers,Urban young professionals and students seeking convenient K-Food meals,"E-commerce, convenience stores, and modern retail",Medium,Monitor,Base,59.31,112071,2.46,275694.66,259704.37,0.383,0.068,0.136,0.058,0.098,81806.88,0.315,0.73,28463.0,0.882943143812709,0.15459196602581066,59.16,High profitability,Monitor and refine assumptions,Review signals indicate spiciness localization as an important product adaptation need.,"Opportunity supported by strong consumer search interest, favorable price feasibility."
12,Singapore,Korean ramen,Mild-spicy Korean ramen for beginner K-Food consumers,Urban young professionals and students seeking convenient K-Food meals,"E-commerce, convenience stores, and modern retail",Medium,Monitor,Conservative,59.31,82609,2.25,185870.25,169699.54,0.411,0.08,0.135,0.087,0.096,47176.47,0.278,0.57,23773.0,0.7591973244147158,0.007688855277810047,45.86,High profitability,Monitor and refine assumptions,Review signals indicate spiciness localization as an important product adaptation need.,"Opportunity supported by strong consumer search interest, favorable price feasibility."
13,Thailand,Gochujang sauce,Mild-spicy gochujang sauce for localized taste preference,Home cooks and K-Food enthusiasts seeking authentic Korean flavors,"Modern grocery, specialty Asian stores, and e-commerce",Medium,Monitor,Aggressive,58.45,65135,5.81,378434.35,336806.57,0.479,0.099,0.189,0.11,0.116,39406.37,0.117,0.6,44537.0,0.22073578595317728,0.28043580157901926,24.46,Low profitability,Monitor and refine assumptions,Review signals indicate spiciness localization as an important product adaptation need.,"Opportunity supported by meaningful review-based opportunity signals, favorable price feasibility."
13,Thailand,Gochujang sauce,Mild-spicy gochujang sauce for localized taste preference,Home cooks and K-Food enthusiasts seeking authentic Korean flavors,"Modern grocery, specialty Asian stores, and e-commerce",Medium,Monitor,Base,58.45,56352,6.18,348255.36,310295.53,0.446,0.092,0.16,0.109,0.109,59887.04,0.193,1.06,23359.0,0.47491638795986624,0.23716529881639337,37.98,Moderate profitability,Monitor and refine assumptions,Review signals indicate spiciness localization as an important product adaptation need.,"Opportunity supported by meaningful review-based opportunity signals, favorable price feasibility."
13,Thailand,Gochujang sauce,Mild-spicy gochujang sauce for localized taste preference,Home cooks and K-Food enthusiasts seeking authentic Korean flavors,"Modern grocery, specialty Asian stores, and e-commerce",Medium,Monitor,Conservative,58.45,37765,5.55,209595.75,188007.39,0.515,0.11,0.101,0.103,0.147,23876.94,0.127,0.63,23789.0,0.25418060200668896,0.03757036403803754,16.75,Low profitability,Monitor and refine assumptions,Review signals indicate spiciness localization as an important product adaptation need.,"Opportunity supported by meaningful review-based opportunity signals, favorable price feasibility."
14,Malaysia,Ready meal,Halal-certified microwaveable Korean ready meal,Muslim Gen Z and young family consumers seeking trusted halal K-Food options,"Modern grocery, frozen section, e-commerce grocery, and food delivery partnerships",Medium,Monitor,Aggressive,58.06,76003,7.11,540381.33,499312.35,0.495,0.064,0.155,0.076,0.144,70902.35,0.142,0.93,42819.0,0.3043478260869565,0.5456727293808963,40.09,Low profitability,Monitor and refine assumptions,High halal-related concern in review signals and strong relevance for Muslim-majority markets.,"Opportunity supported by strong consumer search interest, favorable price feasibility."
14,Malaysia,Ready meal,Halal-certified microwaveable Korean ready meal,Muslim Gen Z and young family consumers seeking trusted halal K-Food options,"Modern grocery, frozen section, e-commerce grocery, and food delivery partnerships",Medium,Monitor,Base,58.06,61773,6.26,386698.98,347255.68,0.427,0.095,0.116,0.102,0.097,92022.76,0.265,1.49,18649.0,0.7157190635451506,0.2974905170153801,54.84,High profitability,Monitor and refine assumptions,High halal-related concern in review signals and strong relevance for Muslim-majority markets.,"Opportunity supported by strong consumer search interest, favorable price feasibility."
14,Malaysia,Ready meal,Halal-certified microwaveable Korean ready meal,Muslim Gen Z and young family consumers seeking trusted halal K-Food options,"Modern grocery, frozen section, e-commerce grocery, and food delivery partnerships",Medium,Monitor,Conservative,58.06,50375,6.7,337512.5,314224.14,0.436,0.078,0.123,0.069,0.138,70700.43,0.225,1.4,17912.0,0.5819397993311037,0.24357745502973993,44.66,Moderate profitability,Monitor and refine assumptions,High halal-related concern in review signals and strong relevance for Muslim-majority markets.,"Opportunity supported by strong consumer search interest, favorable price feasibility."
15,Australia,Kimchi,Low-sodium kimchi line,Home cooks and K-Food enthusiasts seeking authentic Korean flavors,"Modern grocery, specialty Asian stores, and e-commerce",Medium,Monitor,Aggressive,57.5,68614,7.49,513918.86,458415.62,0.478,0.104,0.186,0.108,0.13,46758.39,0.102,0.68,53815.0,0.1705685618729097,0.4789223465800946,29.39,Low profitability,Monitor and refine assumptions,"Review signals indicate consumer concern around health, sodium, or ingredient quality.","Opportunity supported by strong consumer search interest, favorable price feasibility."
15,Australia,Kimchi,Low-sodium kimchi line,Home cooks and K-Food enthusiasts seeking authentic Korean flavors,"Modern grocery, specialty Asian stores, and e-commerce",Medium,Monitor,Base,57.5,50992,7.6,387539.2,361186.53,0.499,0.064,0.083,0.068,0.152,72959.68,0.202,1.43,20195.0,0.5050167224080268,0.3202280212178078,43.11,Moderate profitability,Monitor and refine assumptions,"Review signals indicate consumer concern around health, sodium, or ingredient quality.","Opportunity supported by strong consumer search interest, favorable price feasibility."
15,Australia,Kimchi,Low-sodium kimchi line,Home cooks and K-Food enthusiasts seeking authentic Korean flavors,"Modern grocery, specialty Asian stores, and e-commerce",Medium,Monitor,Conservative,57.5,39230,7.81,306386.3,280343.46,0.474,0.073,0.111,0.085,0.137,57470.41,0.205,1.46,15310.0,0.5150501672240803,0.18827845289554812,38.43,Moderate profitability,Monitor and refine assumptions,"Review signals indicate consumer concern around health, sodium, or ingredient quality.","Opportunity supported by strong consumer search interest, favorable price feasibility."
16,Singapore,Ready meal,Microwaveable Korean ready meal,Urban young professionals and students seeking convenient K-Food meals,"Modern grocery, frozen section, e-commerce grocery, and food delivery partnerships",Medium,Monitor,Aggressive,56.8,98612,6.14,605477.68,540691.57,0.412,0.062,0.165,0.107,0.144,117330.07,0.217,1.19,36355.0,0.5551839464882943,0.6132106174956328,57.84,Moderate profitability,Monitor and refine assumptions,Product idea is based on category-level opportunity signals and overall market attractiveness.,"Opportunity supported by strong consumer search interest, favorable price feasibility."
16,Singapore,Ready meal,Microwaveable Korean ready meal,Urban young professionals and students seeking convenient K-Food meals,"Modern grocery, frozen section, e-commerce grocery, and food delivery partnerships",Medium,Monitor,Base,56.8,69853,6.07,424007.71,401959.31,0.504,0.099,0.093,0.052,0.091,85617.33,0.213,1.23,26236.0,0.5418060200668896,0.38677609664713597,47.98,Moderate profitability,Monitor and refine assumptions,Product idea is based on category-level opportunity signals and overall market attractiveness.,"Opportunity supported by strong consumer search interest, favorable price feasibility."
16,Singapore,Ready meal,Microwaveable Korean ready meal,Urban young professionals and students seeking convenient K-Food meals,"Modern grocery, frozen section, e-commerce grocery, and food delivery partnerships",Medium,Monitor,Conservative,56.8,48717,6.82,332249.94,314308.44,0.465,0.089,0.123,0.054,0.145,55946.9,0.178,1.15,21896.0,0.4247491638795986,0.2437150468927105,35.23,Moderate profitability,Monitor and refine assumptions,Product idea is based on category-level opportunity signals and overall market attractiveness.,"Opportunity supported by strong consumer search interest, favorable price feasibility."
17,Viet Nam,Kimchi,Low-sodium kimchi line,Home cooks and K-Food enthusiasts seeking authentic Korean flavors,"Modern grocery, specialty Asian stores, and e-commerce",Medium,Monitor,Aggressive,56.72,63455,7.99,507005.45,479627.16,0.393,0.061,0.101,0.054,0.153,140051.13,0.292,2.21,17385.0,0.806020066889632,0.51354316870437,68.9,High profitability,Monitor and refine assumptions,"Review signals indicate consumer concern around health, sodium, or ingredient quality.","Opportunity supported by strong consumer search interest, positive recent trend momentum, favorable price feasibility."
17,Viet Nam,Kimchi,Low-sodium kimchi line,Home cooks and K-Food enthusiasts seeking authentic Korean flavors,"Modern grocery, specialty Asian stores, and e-commerce",Medium,Monitor,Base,56.72,48340,7.63,368834.2,347810.65,0.455,0.098,0.156,0.057,0.105,64692.78,0.186,1.34,20792.0,0.45150501672240806,0.29839632195242427,39.03,Moderate profitability,Monitor and refine assumptions,"Review signals indicate consumer concern around health, sodium, or ingredient quality.","Opportunity supported by strong consumer search interest, positive recent trend momentum, favorable price feasibility."
17,Viet Nam,Kimchi,Low-sodium kimchi line,Home cooks and K-Food enthusiasts seeking authentic Korean flavors,"Modern grocery, specialty Asian stores, and e-commerce",Medium,Monitor,Conservative,56.72,39393,7.9,311204.7,291287.6,0.483,0.072,0.125,0.064,0.139,52723.06,0.181,1.34,17412.0,0.4347826086956521,0.20614114104752418,34.33,Moderate profitability,Monitor and refine assumptions,"Review signals indicate consumer concern around health, sodium, or ingredient quality.","Opportunity supported by strong consumer search interest, positive recent trend momentum, favorable price feasibility."
18,Australia,Frozen mandu,Affordable frozen mandu value pack,Young families and convenience-focused consumers,"Modern grocery, frozen section, e-commerce grocery, and food delivery partnerships",Medium,Monitor,Aggressive,56.47,83338,8.19,682538.22,647046.23,0.415,0.095,0.103,0.052,0.101,185055.22,0.286,2.22,23312.0,0.785953177257525,0.7867994170805657,78.63,High profitability,Monitor and refine assumptions,Review signals indicate price sensitivity and value-for-money concerns.,"Opportunity supported by positive recent trend momentum, favorable price feasibility."
18,Australia,Frozen mandu,Affordable frozen mandu value pack,Young families and convenience-focused consumers,"Modern grocery, frozen section, e-commerce grocery, and food delivery partnerships",Medium,Monitor,Base,56.47,51947,8.1,420770.7,377852.09,0.434,0.104,0.113,0.102,0.089,98241.54,0.26,1.89,15984.0,0.6989966555183946,0.34742903483404874,55.84,High profitability,Monitor and refine assumptions,Review signals indicate price sensitivity and value-for-money concerns.,"Opportunity supported by positive recent trend momentum, favorable price feasibility."
18,Australia,Frozen mandu,Affordable frozen mandu value pack,Young families and convenience-focused consumers,"Modern grocery, frozen section, e-commerce grocery, and food delivery partnerships",Medium,Monitor,Conservative,56.47,40931,9.63,394165.53,353172.31,0.479,0.105,0.081,0.104,0.147,66396.4,0.188,1.62,17418.0,0.4581939799331104,0.3071474582278122,39.78,Moderate profitability,Monitor and refine assumptions,Review signals indicate price sensitivity and value-for-money concerns.,"Opportunity supported by positive recent trend momentum, favorable price feasibility."
19,Australia,Ready meal,Affordable Korean ready meal lunch pack,Urban young professionals and students seeking convenient K-Food meals,"Modern grocery, frozen section, e-commerce grocery, and food delivery partnerships",Medium,Monitor,Aggressive,56.08,81782,6.56,536489.92,502691.06,0.443,0.061,0.107,0.063,0.089,150807.32,0.3,1.84,21809.0,0.8327759197324415,0.5511873557550073,72.01,High profitability,Monitor and refine assumptions,Review signals indicate price sensitivity and value-for-money concerns.,"Opportunity supported by strong consumer search interest, favorable price feasibility."
19,Australia,Ready meal,Affordable Korean ready meal lunch pack,Urban young professionals and students seeking convenient K-Food meals,"Modern grocery, frozen section, e-commerce grocery, and food delivery partnerships",Medium,Monitor,Base,56.08,65496,6.03,394940.88,352682.21,0.419,0.106,0.108,0.107,0.106,92050.06,0.261,1.41,20076.0,0.7023411371237459,0.3063475321063186,54.39,High profitability,Monitor and refine assumptions,Review signals indicate price sensitivity and value-for-money concerns.,"Opportunity supported by strong consumer search interest, favorable price feasibility."
19,Australia,Ready meal,Affordable Korean ready meal lunch pack,Urban young professionals and students seeking convenient K-Food meals,"Modern grocery, frozen section, e-commerce grocery, and food delivery partnerships",Medium,Monitor,Conservative,56.08,53299,7.32,390148.68,356205.74,0.499,0.089,0.071,0.087,0.136,73022.18,0.205,1.37,20800.0,0.5150501672240803,0.3120985292229611,43.39,Moderate profitability,Monitor and refine assumptions,Review signals indicate price sensitivity and value-for-money concerns.,"Opportunity supported by strong consumer search interest, favorable price feasibility."
20,Singapore,Gochujang sauce,Mild-spicy gochujang sauce for localized taste preference,Home cooks and K-Food enthusiasts seeking authentic Korean flavors,"Modern grocery, specialty Asian stores, and e-commerce",Medium,Monitor,Aggressive,55.88,94259,5.09,479778.31,433719.59,0.387,0.06,0.127,0.096,0.138,124911.24,0.288,1.33,26184.0,0.7926421404682273,0.43861424722447184,65.1,High profitability,Monitor and refine assumptions,Review signals indicate spiciness localization as an important product adaptation need.,Opportunity supported by favorable price feasibility.
20,Singapore,Gochujang sauce,Mild-spicy gochujang sauce for localized taste preference,Home cooks and K-Food enthusiasts seeking authentic Korean flavors,"Modern grocery, specialty Asian stores, and e-commerce",Medium,Monitor,Base,55.88,48108,5.38,258821.04,237856.54,0.454,0.079,0.089,0.081,0.1,66124.12,0.278,1.37,13845.0,0.7591973244147158,0.11893261096571567,50.31,High profitability,Monitor and refine assumptions,Review signals indicate spiciness localization as an important product adaptation need.,Opportunity supported by favorable price feasibility.
20,Singapore,Gochujang sauce,Mild-spicy gochujang sauce for localized taste preference,Home cooks and K-Food enthusiasts seeking authentic Korean flavors,"Modern grocery, specialty Asian stores, and e-commerce",Medium,Monitor,Conservative,55.88,40485,5.42,219428.7,196827.54,0.404,0.095,0.134,0.103,0.114,49797.37,0.253,1.23,12802.0,0.6755852842809364,0.05196634114575471,42.61,High profitability,Monitor and refine assumptions,Review signals indicate spiciness localization as an important product adaptation need.,Opportunity supported by favorable price feasibility.
21,Thailand,Kimchi,Low-sodium kimchi line,Home cooks and K-Food enthusiasts seeking authentic Korean flavors,"Modern grocery, specialty Asian stores, and e-commerce",Medium,Monitor,Aggressive,55.84,51635,6.35,327882.25,294766.14,0.382,0.113,0.1,0.101,0.15,75165.37,0.255,1.46,16200.0,0.6822742474916388,0.2118187068721733,49.41,High profitability,Monitor and refine assumptions,"Review signals indicate consumer concern around health, sodium, or ingredient quality.",Opportunity supported by favorable price feasibility.
21,Thailand,Kimchi,Low-sodium kimchi line,Home cooks and K-Food enthusiasts seeking authentic Korean flavors,"Modern grocery, specialty Asian stores, and e-commerce",Medium,Monitor,Base,55.84,43171,6.8,293562.8,267142.15,0.404,0.08,0.129,0.09,0.093,78539.79,0.294,1.82,11748.0,0.8127090301003344,0.16673168140618821,55.43,High profitability,Monitor and refine assumptions,"Review signals indicate consumer concern around health, sodium, or ingredient quality.",Opportunity supported by favorable price feasibility.
21,Thailand,Kimchi,Low-sodium kimchi line,Home cooks and K-Food enthusiasts seeking authentic Korean flavors,"Modern grocery, specialty Asian stores, and e-commerce",Medium,Monitor,Conservative,55.84,34541,7.88,272183.08,256124.28,0.396,0.071,0.097,0.059,0.125,79654.65,0.311,2.31,8886.0,0.8695652173913043,0.14874865341961152,58.12,High profitability,Monitor and refine assumptions,"Review signals indicate consumer concern around health, sodium, or ingredient quality.",Opportunity supported by favorable price feasibility.
22,Indonesia,Korean ramen,Halal-certified Korean ramen multi-pack,Muslim Gen Z and young family consumers seeking trusted halal K-Food options,"E-commerce, convenience stores, and modern retail",Medium,Monitor,Aggressive,54.11,170059,2.66,452356.94,412549.53,0.39,0.098,0.188,0.088,0.137,77146.76,0.187,0.45,72753.0,0.4548494983277592,0.40406112747832246,43.45,Moderate profitability,Monitor and refine assumptions,High halal-related concern in review signals and strong relevance for Muslim-majority markets.,"Opportunity supported by strong consumer search interest, favorable price feasibility."
22,Indonesia,Korean ramen,Halal-certified Korean ramen multi-pack,Muslim Gen Z and young family consumers seeking trusted halal K-Food options,"E-commerce, convenience stores, and modern retail",Medium,Monitor,Base,54.11,107482,2.51,269779.82,249546.33,0.466,0.089,0.117,0.075,0.127,50158.81,0.201,0.47,42779.0,0.5016722408026756,0.1380123260764588,35.62,Moderate profitability,Monitor and refine assumptions,High halal-related concern in review signals and strong relevance for Muslim-majority markets.,"Opportunity supported by strong consumer search interest, favorable price feasibility."
22,Indonesia,Korean ramen,Halal-certified Korean ramen multi-pack,Muslim Gen Z and young family consumers seeking trusted halal K-Food options,"E-commerce, convenience stores, and modern retail",Medium,Monitor,Conservative,54.11,96139,2.45,235540.55,215519.6,0.433,0.119,0.085,0.085,0.148,46336.71,0.215,0.48,35773.0,0.5484949832775919,0.0824749456316281,36.21,Moderate profitability,Monitor and refine assumptions,High halal-related concern in review signals and strong relevance for Muslim-majority markets.,"Opportunity supported by strong consumer search interest, favorable price feasibility."
23,United States,Frozen mandu,Affordable frozen mandu value pack,Young families and convenience-focused consumers,"Modern grocery, frozen section, e-commerce grocery, and food delivery partnerships",Medium,Monitor,Aggressive,53.82,75904,9.66,733232.64,676773.73,0.451,0.113,0.13,0.077,0.113,130617.33,0.193,1.72,31463.0,0.47491638795986624,0.8353197267657368,61.91,Moderate profitability,Monitor and refine assumptions,Review signals indicate price sensitivity and value-for-money concerns.,"Opportunity supported by attractive macro-market readiness, favorable price feasibility."
23,United States,Frozen mandu,Affordable frozen mandu value pack,Young families and convenience-focused consumers,"Modern grocery, frozen section, e-commerce grocery, and food delivery partnerships",Medium,Monitor,Base,53.82,53470,8.64,461980.8,407467.07,0.414,0.114,0.123,0.118,0.145,83123.28,0.204,1.55,20969.0,0.5117056856187291,0.39576569284162255,46.53,Moderate profitability,Monitor and refine assumptions,Review signals indicate price sensitivity and value-for-money concerns.,"Opportunity supported by attractive macro-market readiness, favorable price feasibility."
23,United States,Frozen mandu,Affordable frozen mandu value pack,Young families and convenience-focused consumers,"Modern grocery, frozen section, e-commerce grocery, and food delivery partnerships",Medium,Monitor,Conservative,53.82,42608,9.75,415428.0,384686.33,0.469,0.11,0.122,0.074,0.101,76167.89,0.198,1.79,17216.0,0.4916387959866221,0.3585836708196777,43.84,Moderate profitability,Monitor and refine assumptions,Review signals indicate price sensitivity and value-for-money concerns.,"Opportunity supported by attractive macro-market readiness, favorable price feasibility."
24,Malaysia,Kimchi,Halal-certified kimchi with clear ingredient labeling,Muslim Gen Z and young family consumers seeking trusted halal K-Food options,"Modern grocery, specialty Asian stores, and e-commerce",Medium,Monitor,Aggressive,53.44,70418,6.52,459125.36,405866.82,0.384,0.101,0.154,0.116,0.099,106337.11,0.262,1.51,21502.0,0.7056856187290971,0.3931538140905101,58.07,High profitability,Monitor and refine assumptions,High halal-related concern in review signals and strong relevance for Muslim-majority markets.,Opportunity supported by favorable price feasibility.
24,Malaysia,Kimchi,Halal-certified kimchi with clear ingredient labeling,Muslim Gen Z and young family consumers seeking trusted halal K-Food options,"Modern grocery, specialty Asian stores, and e-commerce",Medium,Monitor,Base,53.44,51838,8.05,417295.9,388919.78,0.414,0.106,0.127,0.068,0.159,75450.44,0.194,1.46,21377.0,0.4782608695652174,0.365493377489821,43.32,Moderate profitability,Monitor and refine assumptions,High halal-related concern in review signals and strong relevance for Muslim-majority markets.,Opportunity supported by favorable price feasibility.
24,Malaysia,Kimchi,Halal-certified kimchi with clear ingredient labeling,Muslim Gen Z and young family consumers seeking trusted halal K-Food options,"Modern grocery, specialty Asian stores, and e-commerce",Medium,Monitor,Conservative,53.44,31667,6.6,209002.2,186429.96,0.391,0.102,0.121,0.108,0.153,43438.18,0.233,1.37,10873.0,0.6086956521739131,0.03499573138790951,37.92,Moderate profitability,Monitor and refine assumptions,High halal-related concern in review signals and strong relevance for Muslim-majority markets.,Opportunity supported by favorable price feasibility.
25,Viet Nam,Frozen mandu,Frozen Korean mandu family pack,Young families and convenience-focused consumers,"Modern grocery, frozen section, e-commerce grocery, and food delivery partnerships",Medium,Monitor,Aggressive,53.29,86811,9.53,827308.83,777670.3,0.443,0.111,0.101,0.06,0.113,180419.51,0.232,2.08,29935.0,0.6053511705685619,1.0,76.32,Moderate profitability,Monitor and refine assumptions,Product idea is based on category-level opportunity signals and overall market attractiveness.,"Opportunity supported by strong consumer search interest, favorable price feasibility."
25,Viet Nam,Frozen mandu,Frozen Korean mandu family pack,Young families and convenience-focused consumers,"Modern grocery, frozen section, e-commerce grocery, and food delivery partnerships",Medium,Monitor,Base,53.29,64393,9.06,583400.58,539645.54,0.477,0.107,0.089,0.075,0.157,91739.74,0.17,1.42,30303.0,0.39799331103678937,0.6115033195546699,48.34,Moderate profitability,Monitor and refine assumptions,Product idea is based on category-level opportunity signals and overall market attractiveness.,"Opportunity supported by strong consumer search interest, favorable price feasibility."
25,Viet Nam,Frozen mandu,Frozen Korean mandu family pack,Young families and convenience-focused consumers,"Modern grocery, frozen section, e-commerce grocery, and food delivery partnerships",Medium,Monitor,Conservative,53.29,38495,8.56,329517.2,300190.17,0.4,0.061,0.127,0.089,0.129,84953.82,0.283,2.21,10882.0,0.7759197324414715,0.22067164154012914,55.38,High profitability,Monitor and refine assumptions,Product idea is based on category-level opportunity signals and overall market attractiveness.,"Opportunity supported by strong consumer search interest, favorable price feasibility."
26,Indonesia,Frozen mandu,Halal-certified frozen mandu for Muslim-majority markets,Muslim Gen Z and young family consumers seeking trusted halal K-Food options,"Modern grocery, frozen section, e-commerce grocery, and food delivery partnerships",Medium,Monitor,Aggressive,53.11,71754,9.24,663006.96,606651.37,0.393,0.091,0.15,0.085,0.139,137709.86,0.227,1.92,25288.0,0.5886287625418061,0.7208681710326593,64.15,Moderate profitability,Monitor and refine assumptions,High halal-related concern in review signals and strong relevance for Muslim-majority markets.,"Opportunity supported by positive recent trend momentum, favorable price feasibility."
26,Indonesia,Frozen mandu,Halal-certified frozen mandu for Muslim-majority markets,Muslim Gen Z and young family consumers seeking trusted halal K-Food options,"Modern grocery, frozen section, e-commerce grocery, and food delivery partnerships",Medium,Monitor,Base,53.11,51233,8.95,458535.35,428272.02,0.502,0.061,0.115,0.066,0.111,90365.4,0.211,1.76,19425.0,0.5351170568561873,0.42972289129371244,49.3,Moderate profitability,Monitor and refine assumptions,High halal-related concern in review signals and strong relevance for Muslim-majority markets.,"Opportunity supported by positive recent trend momentum, favorable price feasibility."
26,Indonesia,Frozen mandu,Halal-certified frozen mandu for Muslim-majority markets,Muslim Gen Z and young family consumers seeking trusted halal K-Food options,"Modern grocery, frozen section, e-commerce grocery, and food delivery partnerships",Medium,Monitor,Conservative,53.11,36018,8.56,308314.08,276249.42,0.518,0.078,0.109,0.104,0.14,42818.66,0.155,1.19,18590.0,0.34782608695652173,0.18159628693260205,28.13,Moderate profitability,Monitor and refine assumptions,High halal-related concern in review signals and strong relevance for Muslim-majority markets.,"Opportunity supported by positive recent trend momentum, favorable price feasibility."
27,Indonesia,Ready meal,Halal-certified microwaveable Korean ready meal,Muslim Gen Z and young family consumers seeking trusted halal K-Food options,"Modern grocery, frozen section, e-commerce grocery, and food delivery partnerships",Medium,Monitor,Aggressive,52.72,87868,7.12,625620.16,580575.51,0.486,0.089,0.1,0.072,0.103,128887.76,0.222,1.47,31665.0,0.5719063545150502,0.678307955659447,61.45,Moderate profitability,Monitor and refine assumptions,High halal-related concern in review signals and strong relevance for Muslim-majority markets.,"Opportunity supported by strong consumer search interest, favorable price feasibility."
27,Indonesia,Ready meal,Halal-certified microwaveable Korean ready meal,Muslim Gen Z and young family consumers seeking trusted halal K-Food options,"Modern grocery, frozen section, e-commerce grocery, and food delivery partnerships",Medium,Monitor,Base,52.72,75817,6.63,502666.71,462956.04,0.506,0.119,0.112,0.079,0.113,69443.41,0.15,0.92,40436.0,0.3311036789297659,0.48633308022741595,39.32,Moderate profitability,Monitor and refine assumptions,High halal-related concern in review signals and strong relevance for Muslim-majority markets.,"Opportunity supported by strong consumer search interest, favorable price feasibility."
27,Indonesia,Ready meal,Halal-certified microwaveable Korean ready meal,Muslim Gen Z and young family consumers seeking trusted halal K-Food options,"Modern grocery, frozen section, e-commerce grocery, and food delivery partnerships",Medium,Monitor,Conservative,52.72,50059,7.39,369936.01,344410.43,0.447,0.094,0.124,0.069,0.086,85758.2,0.249,1.71,16084.0,0.6622073578595318,0.29284658761897164,51.45,Moderate profitability,Monitor and refine assumptions,High halal-related concern in review signals and strong relevance for Muslim-majority markets.,"Opportunity supported by strong consumer search interest, favorable price feasibility."
28,Philippines,Korean ramen,Mild-spicy Korean ramen for beginner K-Food consumers,Urban young professionals and students seeking convenient K-Food meals,"E-commerce, convenience stores, and modern retail",Medium,Monitor,Aggressive,51.87,143164,2.4,343593.6,318511.27,0.398,0.103,0.103,0.073,0.103,93323.8,0.293,0.65,39090.0,0.8093645484949832,0.2505747765421641,58.58,High profitability,Monitor and refine assumptions,Review signals indicate spiciness localization as an important product adaptation need.,Opportunity supported by favorable price feasibility.
28,Philippines,Korean ramen,Mild-spicy Korean ramen for beginner K-Food consumers,Urban young professionals and students seeking convenient K-Food meals,"E-commerce, convenience stores, and modern retail",Medium,Monitor,Base,51.87,116806,2.5,292015.0,272449.99,0.511,0.069,0.081,0.067,0.146,52582.85,0.193,0.45,48417.0,0.47491638795986624,0.17539497433560836,35.51,Moderate profitability,Monitor and refine assumptions,Review signals indicate spiciness localization as an important product adaptation need.,Opportunity supported by favorable price feasibility.
28,Philippines,Korean ramen,Mild-spicy Korean ramen for beginner K-Food consumers,Urban young professionals and students seeking convenient K-Food meals,"E-commerce, convenience stores, and modern retail",Medium,Monitor,Conservative,51.87,99856,2.47,246644.32,219513.44,0.406,0.099,0.09,0.11,0.09,69146.74,0.315,0.69,25361.0,0.882943143812709,0.08899356824143462,56.54,High profitability,Monitor and refine assumptions,Review signals indicate spiciness localization as an important product adaptation need.,Opportunity supported by favorable price feasibility.
29,Indonesia,Gochujang sauce,Halal-certified gochujang sauce,Muslim Gen Z and young family consumers seeking trusted halal K-Food options,"Modern grocery, specialty Asian stores, and e-commerce",Medium,Monitor,Aggressive,51.6,93373,5.51,514485.23,474355.38,0.421,0.061,0.151,0.078,0.11,121909.33,0.257,1.31,29066.0,0.6889632107023411,0.5049387317960498,61.54,High profitability,Monitor and refine assumptions,High halal-related concern in review signals and strong relevance for Muslim-majority markets.,Opportunity supported by favorable price feasibility.
29,Indonesia,Gochujang sauce,Halal-certified gochujang sauce,Muslim Gen Z and young family consumers seeking trusted halal K-Food options,"Modern grocery, specialty Asian stores, and e-commerce",Medium,Monitor,Base,51.6,54001,6.1,329406.1,303383.02,0.452,0.068,0.126,0.079,0.133,67047.65,0.221,1.24,19548.0,0.568561872909699,0.2258829129480276,43.15,Moderate profitability,Monitor and refine assumptions,High halal-related concern in review signals and strong relevance for Muslim-majority markets.,Opportunity supported by favorable price feasibility.
29,Indonesia,Gochujang sauce,Halal-certified gochujang sauce,Muslim Gen Z and young family consumers seeking trusted halal K-Food options,"Modern grocery, specialty Asian stores, and e-commerce",Medium,Monitor,Conservative,51.6,51164,5.26,269122.64,253513.53,0.501,0.062,0.13,0.058,0.132,44364.87,0.175,0.87,23390.0,0.4147157190635451,0.1444874676989636,30.66,Moderate profitability,Monitor and refine assumptions,High halal-related concern in review signals and strong relevance for Muslim-majority markets.,Opportunity supported by favorable price feasibility.
30,Malaysia,Frozen mandu,Halal-certified frozen mandu for Muslim-majority markets,Muslim Gen Z and young family consumers seeking trusted halal K-Food options,"Modern grocery, frozen section, e-commerce grocery, and food delivery partnerships",Medium,Monitor,Aggressive,51.51,61254,9.39,575175.06,519383.08,0.393,0.1,0.101,0.097,0.147,134520.22,0.259,2.2,18921.0,0.6956521739130435,0.5784315565680952,64.88,High profitability,Monitor and refine assumptions,High halal-related concern in review signals and strong relevance for Muslim-majority markets.,Opportunity supported by favorable price feasibility.
30,Malaysia,Frozen mandu,Halal-certified frozen mandu for Muslim-majority markets,Muslim Gen Z and young family consumers seeking trusted halal K-Food options,"Modern grocery, frozen section, e-commerce grocery, and food delivery partnerships",Medium,Monitor,Base,51.51,59516,9.21,548142.36,516898.25,0.422,0.081,0.159,0.057,0.112,116819.0,0.226,1.96,21068.0,0.5852842809364549,0.574375893592231,58.09,Moderate profitability,Monitor and refine assumptions,High halal-related concern in review signals and strong relevance for Muslim-majority markets.,Opportunity supported by favorable price feasibility.
30,Malaysia,Frozen mandu,Halal-certified frozen mandu for Muslim-majority markets,Muslim Gen Z and young family consumers seeking trusted halal K-Food options,"Modern grocery, frozen section, e-commerce grocery, and food delivery partnerships",Medium,Monitor,Conservative,51.51,48069,8.94,429736.86,400514.75,0.458,0.118,0.111,0.068,0.103,84108.1,0.21,1.75,18312.0,0.5317725752508361,0.38441833031768313,47.28,Moderate profitability,Monitor and refine assumptions,High halal-related concern in review signals and strong relevance for Muslim-majority markets.,Opportunity supported by favorable price feasibility.
31,Viet Nam,Ready meal,Affordable Korean ready meal lunch pack,Urban young professionals and students seeking convenient K-Food meals,"Modern grocery, frozen section, e-commerce grocery, and food delivery partnerships",Medium,Monitor,Aggressive,51.42,79187,6.48,513131.76,481317.59,0.437,0.095,0.111,0.062,0.103,122254.67,0.254,1.54,24941.0,0.6789297658862876,0.516302236473308,61.39,High profitability,Monitor and refine assumptions,Review signals indicate price sensitivity and value-for-money concerns.,"Opportunity supported by strong consumer search interest, favorable price feasibility."
31,Viet Nam,Ready meal,Affordable Korean ready meal lunch pack,Urban young professionals and students seeking convenient K-Food meals,"Modern grocery, frozen section, e-commerce grocery, and food delivery partnerships",Medium,Monitor,Base,51.42,59018,6.64,391879.52,355042.85,0.478,0.092,0.111,0.094,0.157,57516.94,0.162,0.97,29145.0,0.3712374581939799,0.310200495990103,34.68,Moderate profitability,Monitor and refine assumptions,Review signals indicate price sensitivity and value-for-money concerns.,"Opportunity supported by strong consumer search interest, favorable price feasibility."
31,Viet Nam,Ready meal,Affordable Korean ready meal lunch pack,Urban young professionals and students seeking convenient K-Food meals,"Modern grocery, frozen section, e-commerce grocery, and food delivery partnerships",Medium,Monitor,Conservative,51.42,52151,6.28,327508.28,292792.4,0.43,0.07,0.101,0.106,0.133,77882.78,0.266,1.49,15685.0,0.7190635451505017,0.20859722924916402,51.49,High profitability,Monitor and refine assumptions,Review signals indicate price sensitivity and value-for-money concerns.,"Opportunity supported by strong consumer search interest, favorable price feasibility."
32,Philippines,Frozen mandu,Affordable frozen mandu value pack,Young families and convenience-focused consumers,"Modern grocery, frozen section, e-commerce grocery, and food delivery partnerships",Medium,Monitor,Aggressive,47.95,76066,8.66,658731.56,597469.52,0.491,0.068,0.126,0.093,0.135,107544.51,0.18,1.41,33808.0,0.43143812709030094,0.7058818383278308,54.12,Moderate profitability,Monitor and refine assumptions,Review signals indicate price sensitivity and value-for-money concerns.,"Opportunity supported by meaningful review-based opportunity signals, favorable price feasibility."
32,Philippines,Frozen mandu,Affordable frozen mandu value pack,Young families and convenience-focused consumers,"Modern grocery, frozen section, e-commerce grocery, and food delivery partnerships",Medium,Monitor,Base,47.95,51439,7.88,405339.32,370480.14,0.417,0.11,0.083,0.086,0.125,98177.24,0.265,1.91,15529.0,0.7157190635451506,0.33539676515164696,56.36,High profitability,Monitor and refine assumptions,Review signals indicate price sensitivity and value-for-money concerns.,"Opportunity supported by meaningful review-based opportunity signals, favorable price feasibility."
32,Philippines,Frozen mandu,Affordable frozen mandu value pack,Young families and convenience-focused consumers,"Modern grocery, frozen section, e-commerce grocery, and food delivery partnerships",Medium,Monitor,Conservative,47.95,46642,8.91,415580.22,366126.17,0.491,0.119,0.114,0.119,0.082,71028.48,0.194,1.52,19234.0,0.4782608695652174,0.32829034945036206,41.83,Moderate profitability,Monitor and refine assumptions,Review signals indicate price sensitivity and value-for-money concerns.,"Opportunity supported by meaningful review-based opportunity signals, favorable price feasibility."
33,Singapore,Kimchi,Family-size kimchi value pack,Home cooks and K-Food enthusiasts seeking authentic Korean flavors,"Modern grocery, specialty Asian stores, and e-commerce",Medium,Monitor,Aggressive,47.19,51178,7.51,384346.78,343606.02,0.517,0.104,0.185,0.106,0.093,34704.21,0.101,0.68,40538.0,0.16722408026755853,0.2915336543984234,21.69,Low profitability,Monitor and refine assumptions,Review signals indicate price sensitivity and value-for-money concerns.,Opportunity supported by favorable price feasibility.
33,Singapore,Kimchi,Family-size kimchi value pack,Home cooks and K-Food enthusiasts seeking authentic Korean flavors,"Modern grocery, specialty Asian stores, and e-commerce",Medium,Monitor,Base,47.19,51748,7.72,399494.56,359145.61,0.517,0.116,0.152,0.101,0.109,38069.43,0.106,0.74,39056.0,0.18394648829431437,0.31689689446841207,23.71,Low profitability,Monitor and refine assumptions,Review signals indicate price sensitivity and value-for-money concerns.,Opportunity supported by favorable price feasibility.
33,Singapore,Kimchi,Family-size kimchi value pack,Home cooks and K-Food enthusiasts seeking authentic Korean flavors,"Modern grocery, specialty Asian stores, and e-commerce",Medium,Monitor,Conservative,47.19,39567,6.49,256789.83,227002.21,0.437,0.106,0.098,0.116,0.117,54934.53,0.242,1.39,13081.0,0.6387959866220736,0.10121650792896364,42.38,Moderate profitability,Monitor and refine assumptions,Review signals indicate price sensitivity and value-for-money concerns.,Opportunity supported by favorable price feasibility.
34,Viet Nam,Gochujang sauce,Mild-spicy gochujang sauce for localized taste preference,Home cooks and K-Food enthusiasts seeking authentic Korean flavors,"Modern grocery, specialty Asian stores, and e-commerce",Medium,Monitor,Aggressive,46.87,95069,5.07,481999.83,428497.85,0.492,0.114,0.186,0.111,0.103,44992.27,0.105,0.47,72434.0,0.1806020066889632,0.4300914840625696,28.04,Low profitability,Monitor and refine assumptions,Review signals indicate spiciness localization as an important product adaptation need.,Opportunity supported by favorable price feasibility.
34,Viet Nam,Gochujang sauce,Mild-spicy gochujang sauce for localized taste preference,Home cooks and K-Food enthusiasts seeking authentic Korean flavors,"Modern grocery, specialty Asian stores, and e-commerce",Medium,Monitor,Base,46.87,50649,5.53,280088.97,251239.81,0.424,0.062,0.091,0.103,0.081,85924.01,0.342,1.7,11848.0,0.9732441471571908,0.1407763719614355,64.03,High profitability,Monitor and refine assumptions,Review signals indicate spiciness localization as an important product adaptation need.,Opportunity supported by favorable price feasibility.
34,Viet Nam,Gochujang sauce,Mild-spicy gochujang sauce for localized taste preference,Home cooks and K-Food enthusiasts seeking authentic Korean flavors,"Modern grocery, specialty Asian stores, and e-commerce",Medium,Monitor,Conservative,46.87,48982,5.88,288014.16,265837.07,0.453,0.107,0.079,0.077,0.119,64332.57,0.242,1.31,16193.0,0.6387959866220736,0.1646015700357762,44.91,Moderate profitability,Monitor and refine assumptions,Review signals indicate spiciness localization as an important product adaptation need.,Opportunity supported by favorable price feasibility.
35,Philippines,Gochujang sauce,Mild-spicy gochujang sauce for localized taste preference,Home cooks and K-Food enthusiasts seeking authentic Korean flavors,"Modern grocery, specialty Asian stores, and e-commerce",Medium,Monitor,Aggressive,46.85,68864,6.03,415249.92,372894.43,0.383,0.089,0.128,0.102,0.105,110003.86,0.295,1.6,18675.0,0.8160535117056855,0.3393372949126363,62.54,High profitability,Monitor and refine assumptions,Review signals indicate spiciness localization as an important product adaptation need.,Opportunity supported by favorable price feasibility.
35,Philippines,Gochujang sauce,Mild-spicy gochujang sauce for localized taste preference,Home cooks and K-Food enthusiasts seeking authentic Korean flavors,"Modern grocery, specialty Asian stores, and e-commerce",Medium,Monitor,Base,46.85,70905,6.2,439611.0,398287.57,0.515,0.086,0.096,0.094,0.135,66912.31,0.168,0.94,33765.0,0.39130434782608703,0.38078319573439756,38.71,Moderate profitability,Monitor and refine assumptions,Review signals indicate spiciness localization as an important product adaptation need.,Opportunity supported by favorable price feasibility.
35,Philippines,Gochujang sauce,Mild-spicy gochujang sauce for localized taste preference,Home cooks and K-Food enthusiasts seeking authentic Korean flavors,"Modern grocery, specialty Asian stores, and e-commerce",Medium,Monitor,Conservative,46.85,43366,5.98,259328.68,232617.83,0.396,0.075,0.123,0.103,0.111,68622.26,0.295,1.58,11761.0,0.8160535117056855,0.11038214989260814,53.38,High profitability,Monitor and refine assumptions,Review signals indicate spiciness localization as an important product adaptation need.,Opportunity supported by favorable price feasibility.
36,Thailand,Frozen mandu,Mild-flavor frozen mandu for mainstream consumers,Young families and convenience-focused consumers,"Modern grocery, frozen section, e-commerce grocery, and food delivery partnerships",Medium,Monitor,Aggressive,46.29,84041,8.85,743762.85,682030.53,0.474,0.102,0.124,0.083,0.156,98212.4,0.144,1.17,46690.0,0.3110367892976588,0.8438997137795459,52.42,Low profitability,Monitor and refine assumptions,Review signals indicate spiciness localization as an important product adaptation need.,Opportunity supported by favorable price feasibility.
36,Thailand,Frozen mandu,Mild-flavor frozen mandu for mainstream consumers,Young families and convenience-focused consumers,"Modern grocery, frozen section, e-commerce grocery, and food delivery partnerships",Medium,Monitor,Base,46.29,50101,8.71,436379.71,396669.16,0.402,0.08,0.106,0.091,0.085,129710.81,0.327,2.59,12258.0,0.923076923076923,0.37814167679074007,70.51,High profitability,Monitor and refine assumptions,Review signals indicate spiciness localization as an important product adaptation need.,Opportunity supported by favorable price feasibility.
36,Thailand,Frozen mandu,Mild-flavor frozen mandu for mainstream consumers,Young families and convenience-focused consumers,"Modern grocery, frozen section, e-commerce grocery, and food delivery partnerships",Medium,Monitor,Conservative,46.29,34037,8.66,294760.42,270295.31,0.476,0.096,0.105,0.083,0.104,59194.67,0.219,1.74,12434.0,0.5618729096989966,0.171878172018816,40.59,Moderate profitability,Monitor and refine assumptions,Review signals indicate spiciness localization as an important product adaptation need.,Opportunity supported by favorable price feasibility.
37,Philippines,Ready meal,Microwaveable Korean ready meal,Urban young professionals and students seeking convenient K-Food meals,"Modern grocery, frozen section, e-commerce grocery, and food delivery partnerships",Medium,Monitor,Aggressive,45.45,109455,6.02,658919.1,620042.87,0.479,0.09,0.18,0.059,0.134,72545.02,0.117,0.66,74842.0,0.22073578595317728,0.7427253647808376,42.95,Low profitability,Monitor and refine assumptions,Product idea is based on category-level opportunity signals and overall market attractiveness.,Opportunity supported by favorable price feasibility.
37,Philippines,Ready meal,Microwaveable Korean ready meal,Urban young professionals and students seeking convenient K-Food meals,"Modern grocery, frozen section, e-commerce grocery, and food delivery partnerships",Medium,Monitor,Base,45.45,59204,6.35,375945.4,339478.7,0.489,0.082,0.099,0.097,0.096,79438.01,0.234,1.34,20241.0,0.6120401337792643,0.284797169844734,48.11,Moderate profitability,Monitor and refine assumptions,Product idea is based on category-level opportunity signals and overall market attractiveness.,Opportunity supported by favorable price feasibility.
37,Philippines,Ready meal,Microwaveable Korean ready meal,Urban young professionals and students seeking convenient K-Food meals,"Modern grocery, frozen section, e-commerce grocery, and food delivery partnerships",Medium,Monitor,Conservative,45.45,50487,7.27,367040.49,334373.89,0.438,0.084,0.07,0.089,0.137,90615.32,0.271,1.79,14904.0,0.7357859531772576,0.27646525622657037,55.21,High profitability,Monitor and refine assumptions,Product idea is based on category-level opportunity signals and overall market attractiveness.,Opportunity supported by favorable price feasibility.
38,Philippines,Kimchi,Fresh kimchi starter pack,Home cooks and K-Food enthusiasts seeking authentic Korean flavors,"Modern grocery, specialty Asian stores, and e-commerce",Low,Deprioritize,Aggressive,42.44,54424,6.95,378246.8,351013.03,0.412,0.094,0.109,0.072,0.153,81435.02,0.232,1.5,18767.0,0.6053511705685619,0.30362314793273204,48.47,Moderate profitability,Do not prioritize,Product idea is based on category-level opportunity signals and overall market attractiveness.,Opportunity supported by favorable price feasibility.
38,Philippines,Kimchi,Fresh kimchi starter pack,Home cooks and K-Food enthusiasts seeking authentic Korean flavors,"Modern grocery, specialty Asian stores, and e-commerce",Low,Deprioritize,Base,42.44,49298,7.86,387482.28,344859.23,0.443,0.092,0.113,0.11,0.098,87594.24,0.254,1.78,15527.0,0.6789297658862876,0.29357910515279395,52.48,High profitability,Do not prioritize,Product idea is based on category-level opportunity signals and overall market attractiveness.,Opportunity supported by favorable price feasibility.
38,Philippines,Kimchi,Fresh kimchi starter pack,Home cooks and K-Food enthusiasts seeking authentic Korean flavors,"Modern grocery, specialty Asian stores, and e-commerce",Low,Deprioritize,Conservative,42.44,34494,7.58,261464.52,241854.68,0.455,0.116,0.133,0.075,0.142,37245.62,0.154,1.08,17919.0,0.34448160535117056,0.12545825190305215,25.69,Moderate profitability,Do not prioritize,Product idea is based on category-level opportunity signals and overall market attractiveness.,Opportunity supported by favorable price feasibility.
39,Thailand,Korean ramen,Mild-spicy Korean ramen for beginner K-Food consumers,Urban young professionals and students seeking convenient K-Food meals,"E-commerce, convenience stores, and modern retail",Low,Deprioritize,Aggressive,36.49,141565,2.46,348249.9,314469.66,0.456,0.103,0.116,0.097,0.136,59434.77,0.189,0.42,59922.0,0.46153846153846156,0.24397818521000736,37.45,Moderate profitability,Do not prioritize,Review signals indicate spiciness localization as an important product adaptation need.,Opportunity supported by favorable price feasibility.
39,Thailand,Korean ramen,Mild-spicy Korean ramen for beginner K-Food consumers,Urban young professionals and students seeking convenient K-Food meals,"E-commerce, convenience stores, and modern retail",Low,Deprioritize,Base,36.49,141397,2.83,400153.51,378545.22,0.433,0.065,0.094,0.054,0.088,121134.47,0.32,0.86,35350.0,0.8996655518394648,0.34856034026679883,67.92,High profitability,Do not prioritize,Review signals indicate spiciness localization as an important product adaptation need.,Opportunity supported by favorable price feasibility.
39,Thailand,Korean ramen,Mild-spicy Korean ramen for beginner K-Food consumers,Urban young professionals and students seeking convenient K-Food meals,"E-commerce, convenience stores, and modern retail",Low,Deprioritize,Conservative,36.49,107753,2.72,293088.16,265244.78,0.491,0.097,0.135,0.095,0.149,33951.33,0.128,0.32,67346.0,0.25752508361204013,0.16363485254444898,22.0,Low profitability,Do not prioritize,Review signals indicate spiciness localization as an important product adaptation need.,Opportunity supported by favorable price feasibility.
40,Viet Nam,Korean ramen,Mild-spicy Korean ramen for beginner K-Food consumers,Urban young professionals and students seeking convenient K-Food meals,"E-commerce, convenience stores, and modern retail",Low,Deprioritize,Aggressive,27.23,193425,2.44,471957.0,427121.09,0.414,0.077,0.182,0.095,0.138,80725.89,0.189,0.42,81874.0,0.46153846153846156,0.42784437880440274,44.81,Moderate profitability,Do not prioritize,Review signals indicate spiciness localization as an important product adaptation need.,Opportunity supported by favorable price feasibility.
40,Viet Nam,Korean ramen,Mild-spicy Korean ramen for beginner K-Food consumers,Urban young professionals and students seeking convenient K-Food meals,"E-commerce, convenience stores, and modern retail",Low,Deprioritize,Base,27.23,99447,2.72,270495.84,245880.72,0.387,0.093,0.101,0.091,0.101,78190.07,0.318,0.79,25019.0,0.8929765886287625,0.13202943036087356,58.86,High profitability,Do not prioritize,Review signals indicate spiciness localization as an important product adaptation need.,Opportunity supported by favorable price feasibility.
40,Viet Nam,Korean ramen,Mild-spicy Korean ramen for beginner K-Food consumers,Urban young professionals and students seeking convenient K-Food meals,"E-commerce, convenience stores, and modern retail",Low,Deprioritize,Conservative,27.23,81584,2.56,208855.04,187760.68,0.439,0.072,0.091,0.101,0.134,49568.82,0.264,0.61,24723.0,0.7123745819397994,0.037167691576430295,44.23,High profitability,Do not prioritize,Review signals indicate spiciness localization as an important product adaptation need.,Opportunity supported by favorable price feasibility.
